{
  "uuid": "1d1cf226-6d63-302b-9128-2993bc2e8c29",
  "starterPrompted": true,
  "starterLocked": false,
  "starterSelected": true,
  "starterUUID": "eb187b73-0257-403f-b57e-181bc9cae024",
  "keyItems": [],
  "battleTheme": "cobblemon:battle.pvp.default",
  "extraData": {
    "koStreak": {
      "name": "koStreak",
      "species": "meowth",
      "count": 1
    },
    "koCount": {
      "name": "koCount",
      "defeats": {
        "venipede": 1,
        "chatot": 1,
        "aipom": 1,
        "kakuna": 1,
        "numel": 1,
        "lechonk": 1,
        "meowth": 1
      }
    },
    "captureStreak": {
      "name": "captureStreak",
      "species": "ditto",
      "count": 1
    },
    "captureCount": {
      "name": "captureCount",
      "defeats": {
        "oshawott": 1,
        "dewott": 1,
        "ditto": 1
      }
    },
    "encounter": {
      "name": "encounter",
      "encounters": {
        "oshawott": true,
        "dewott": true,
        "aipom": true,
        "venipede": true,
        "chatot": true,
        "kakuna": true,
        "ditto": true,
        "numel": true,
        "lechonk": true,
        "meowth": true
      }
    }
  },
  "advancementData": {
    "totalCaptureCount": 1,
    "totalEggsHatched": 0,
    "totalEvolvedCount": 1,
    "totalBattleVictoryCount": 8,
    "totalPvPBattleVictoryCount": 0,
    "totalPvWBattleVictoryCount": 8,
    "totalPvNBattleVictoryCount": 0,
    "totalShinyCaptureCount": 0,
    "totalTradedCount": 0,
    "totalTypeCaptureCounts": {
      "normal": 1
    },
    "totalDefeatedCounts": {
      "cobblemon:venipede": 1,
      "cobblemon:chatot": 1,
      "cobblemon:aipom": 1,
      "cobblemon:kakuna": 1,
      "cobblemon:numel": 1,
      "cobblemon:lechonk": 1,
      "cobblemon:meowth": 1
    },
    "aspectsCollected": {}
  }
}