{"stats":{"minecraft:picked_up":{"minecraft:crafting_table":6,"cobblemon:ultra_ball":1,"minecraft:air":0,"minecraft:cooked_beef":27,"minecraft:magma_cream":1,"minecraft:chicken":1,"minecraft:jungle_log":34,"minecraft:dirt":66,"minecraft:string":4,"minecraft:raw_copper":2,"minecraft:bone":7,"minecraft:wheat_seeds":2,"alexsmobs:banana":1,"cobblemon:oran_berry":3,"minecraft:jungle_sapling":1,"minecraft:furnace":1,"minecraft:stick":3,"minecraft:raw_iron":4,"cobblemon:pecha_berry":1,"minecraft:porkchop":4,"minecraft:jungle_planks":1,"cobblemon:persim_berry":6,"minecraft:spider_eye":1,"minecraft:mossy_cobblestone":2,"minecraft:arrow":5,"minecraft:rotten_flesh":6,"minecraft:mutton":3,"minecraft:coal":12,"minecraft:white_wool":2,"minecraft:cobblestone":73},"minecraft:broken":{"morearmor:cobblestone_armor_chestplate":1,"morearmor:cobblestone_armor_leggings":1,"minecraft:stone_axe":1,"morearmor:cobblestone_armor_boots":1,"morearmor:cobblestone_armor_helmet":1},"minecraft:custom":{"minecraft:interact_with_furnace":3,"minecraft:mob_kills":30,"minecraft:interact_with_crafting_table":14,"minecraft:time_since_death":21567,"minecraft:sleep_in_bed":1,"minecraft:climb_one_cm":3796,"minecraft:time_since_rest":2212,"minecraft:sprint_one_cm":124515,"minecraft:damage_taken":3408,"minecraft:walk_one_cm":96175,"minecraft:damage_blocked_by_shield":1080,"minecraft:drop":34,"minecraft:damage_dealt":5307,"minecraft:swim_one_cm":65126,"minecraft:talked_to_villager":2,"minecraft:fly_one_cm":470575,"minecraft:open_chest":15,"minecraft:crouch_one_cm":6313,"minecraft:play_time":125307,"minecraft:deaths":5,"minecraft:sneak_time":5240,"minecraft:walk_under_water_one_cm":24349,"minecraft:boat_one_cm":218715,"minecraft:jump":1319,"minecraft:walk_on_water_one_cm":17383,"minecraft:total_world_time":125307,"minecraft:inspect_dispenser":3,"minecraft:fall_one_cm":45135},"minecraft:mined":{"minecraft:mossy_cobblestone":2,"minecraft:jungle_leaves":6,"minecraft:crafting_table":6,"minecraft:grass_block":8,"minecraft:jungle_log":34,"minecraft:tall_grass":1,"minecraft:copper_ore":1,"biomesoplenty:sprout":4,"minecraft:furnace":1,"minecraft:iron_ore":4,"cobblemon:persim_berry":1,"minecraft:grass":19,"minecraft:coal_ore":12,"minecraft:vine":2,"minecraft:flowering_azalea_leaves":1,"minecraft:sand":1,"minecraft:dirt":39,"minecraft:stone":75,"minecraft:tripwire":1,"minecraft:fern":9},"minecraft:killed_by":{"minecraft:skeleton":1,"alexsmobs:leafcutter_ant":1,"minecraft:drowned":2},"minecraft:dropped":{"minecraft:wheat_seeds":1,"minecraft:cooked_beef":27,"minecraft:mossy_cobblestone":2,"minecraft:rotten_flesh":2,"alexsmobs:ancient_dart":1,"travelersbackpack:standard":1,"minecraft:spider_eye":1},"minecraft:killed":{"minecraft:pig":3,"cobblemon:pokemon":4,"minecraft:zombie_villager":1,"minecraft:spider":3,"minecraft:sheep":2,"minecraft:skeleton":5,"minecraft:zombie":10,"alexsmobs:leafcutter_ant":2},"minecraft:crafted":{"minecraft:stone_shovel":1,"morearmor:cobblestone_armor_helmet":1,"minecraft:crafting_table":1,"minecraft:jungle_boat":1,"minecraft:wooden_pickaxe":1,"minecraft:furnace":1,"minecraft:bucket":1,"minecraft:stone_axe":2,"minecraft:air":0,"minecraft:jungle_planks":136,"morearmor:cobblestone_armor_boots":1,"morearmor:cobblestone_armor_chestplate":1,"minecraft:shield":1,"morearmor:cobblestone_armor_leggings":1,"minecraft:stick":12,"minecraft:iron_ingot":4,"minecraft:stone_pickaxe":1},"minecraft:used":{"minecraft:water_bucket":1,"minecraft:stone_pickaxe":58,"minecraft:stone_shovel":21,"minecraft:wooden_pickaxe":58,"minecraft:shield":25,"minecraft:jungle_boat":1,"minecraft:dirt":23,"minecraft:crafting_table":6,"cobblemon:healing_machine":1,"minecraft:obsidian":6,"minecraft:stone_axe":93,"travelersbackpack:standard":3,"minecraft:furnace":1,"minecraft:bucket":2,"minecraft:cooked_beef":28}},"DataVersion":3465}