{"stats":{"minecraft:picked_up":{"minecraft:crafting_table":5,"cobblemon:ultra_ball":1,"minecraft:air":0,"minecraft:cooked_beef":27,"minecraft:magma_cream":1,"minecraft:chicken":1,"minecraft:jungle_log":34,"minecraft:dirt":64,"minecraft:string":4,"minecraft:raw_copper":2,"minecraft:bone":5,"minecraft:wheat_seeds":2,"alexsmobs:banana":1,"cobblemon:oran_berry":3,"minecraft:jungle_sapling":1,"minecraft:furnace":1,"minecraft:stick":3,"minecraft:raw_iron":4,"cobblemon:pecha_berry":1,"minecraft:porkchop":4,"minecraft:jungle_planks":1,"cobblemon:persim_berry":6,"minecraft:spider_eye":1,"minecraft:mossy_cobblestone":2,"minecraft:arrow":3,"minecraft:rotten_flesh":6,"minecraft:mutton":3,"minecraft:coal":12,"minecraft:white_wool":2,"minecraft:cobblestone":66},"minecraft:broken":{"morearmor:cobblestone_armor_chestplate":1,"morearmor:cobblestone_armor_leggings":1,"minecraft:stone_axe":1,"morearmor:cobblestone_armor_boots":1,"morearmor:cobblestone_armor_helmet":1},"minecraft:custom":{"minecraft:interact_with_furnace":3,"minecraft:mob_kills":29,"minecraft:interact_with_crafting_table":13,"minecraft:time_since_death":14348,"minecraft:climb_one_cm":3796,"minecraft:time_since_rest":14391,"minecraft:sprint_one_cm":108447,"minecraft:damage_taken":3128,"minecraft:walk_one_cm":76762,"minecraft:damage_blocked_by_shield":1080,"minecraft:drop":33,"minecraft:damage_dealt":5247,"minecraft:swim_one_cm":54413,"minecraft:talked_to_villager":1,"minecraft:fly_one_cm":313995,"minecraft:open_chest":8,"minecraft:crouch_one_cm":6212,"minecraft:play_time":101307,"minecraft:deaths":4,"minecraft:sneak_time":4807,"minecraft:walk_under_water_one_cm":23784,"minecraft:boat_one_cm":218715,"minecraft:jump":1191,"minecraft:walk_on_water_one_cm":16346,"minecraft:total_world_time":101307,"minecraft:inspect_dispenser":3,"minecraft:fall_one_cm":42044},"minecraft:mined":{"minecraft:mossy_cobblestone":2,"minecraft:jungle_leaves":6,"minecraft:crafting_table":5,"minecraft:grass_block":7,"minecraft:jungle_log":34,"minecraft:tall_grass":1,"minecraft:copper_ore":1,"biomesoplenty:sprout":4,"minecraft:furnace":1,"minecraft:iron_ore":4,"cobblemon:persim_berry":1,"minecraft:grass":19,"minecraft:coal_ore":12,"minecraft:vine":2,"minecraft:flowering_azalea_leaves":1,"minecraft:sand":1,"minecraft:dirt":38,"minecraft:stone":67,"minecraft:tripwire":1,"minecraft:fern":9},"minecraft:killed_by":{"minecraft:skeleton":1,"alexsmobs:leafcutter_ant":1,"minecraft:drowned":2},"minecraft:dropped":{"minecraft:wheat_seeds":1,"minecraft:cooked_beef":27,"minecraft:mossy_cobblestone":2,"minecraft:rotten_flesh":2,"alexsmobs:ancient_dart":1,"minecraft:spider_eye":1},"minecraft:killed":{"minecraft:pig":3,"cobblemon:pokemon":4,"minecraft:zombie_villager":1,"minecraft:spider":3,"minecraft:sheep":2,"minecraft:skeleton":4,"minecraft:zombie":10,"alexsmobs:leafcutter_ant":2},"minecraft:crafted":{"minecraft:stone_shovel":1,"morearmor:cobblestone_armor_helmet":1,"minecraft:crafting_table":1,"minecraft:jungle_boat":1,"minecraft:wooden_pickaxe":1,"minecraft:furnace":1,"minecraft:bucket":1,"minecraft:stone_axe":1,"minecraft:air":0,"minecraft:jungle_planks":136,"morearmor:cobblestone_armor_boots":1,"morearmor:cobblestone_armor_chestplate":1,"minecraft:shield":1,"morearmor:cobblestone_armor_leggings":1,"minecraft:stick":12,"minecraft:iron_ingot":4,"minecraft:stone_pickaxe":1},"minecraft:used":{"minecraft:water_bucket":1,"minecraft:stone_pickaxe":50,"minecraft:stone_shovel":19,"minecraft:wooden_pickaxe":58,"minecraft:shield":25,"minecraft:jungle_boat":1,"minecraft:dirt":9,"minecraft:crafting_table":5,"minecraft:obsidian":6,"minecraft:stone_axe":91,"minecraft:furnace":1,"minecraft:bucket":2,"minecraft:cooked_beef":26}},"DataVersion":3465}