{"stats":{"minecraft:picked_up":{"minecraft:crafting_table":8,"cobblemon:ultra_ball":1,"minecraft:air":0,"minecraft:cooked_beef":27,"minecraft:magma_cream":1,"minecraft:chicken":1,"minecraft:andesite":9,"minecraft:jungle_log":34,"minecraft:tuff":7,"megamons:anistarite_geode_block":4,"minecraft:dirt":97,"minecraft:string":6,"minecraft:raw_copper":2,"minecraft:bone":10,"minecraft:bow":2,"minecraft:raw_gold":3,"minecraft:wheat_seeds":2,"minecraft:cobbled_deepslate":16,"alexsmobs:banana":1,"alexsmobs:cockroach_wing_fragment":1,"cobblemon:oran_berry":3,"cobblemon:thunder_stone":2,"minecraft:jungle_sapling":1,"cobblemon:big_root":3,"minecraft:glowstone_dust":1,"minecraft:furnace":2,"cobblemon:sun_stone":1,"minecraft:stick":3,"minecraft:raw_iron":95,"minecraft:gravel":20,"minecraft:raw_iron_block":3,"cobblemon:shiny_stone":1,"cobblemon:pecha_berry":1,"minecraft:porkchop":4,"minecraft:jungle_planks":1,"cobblemon:persim_berry":6,"alexsmobs:centipede_leg":2,"minecraft:spider_eye":3,"minecraft:mossy_cobblestone":2,"megamons:anistarite_rough_geode_block":1,"cobblemon:dawn_stone":1,"minecraft:arrow":7,"minecraft:rotten_flesh":18,"alexsmobs:lobster_tail":1,"minecraft:mutton":3,"minecraft:coal":41,"minecraft:white_wool":2,"minecraft:cobblestone":94},"minecraft:broken":{"minecraft:stone_pickaxe":1,"morearmor:cobblestone_armor_chestplate":1,"morearmor:cobblestone_armor_leggings":1,"minecraft:stone_axe":1,"morearmor:cobblestone_armor_boots":1,"morearmor:cobblestone_armor_helmet":1},"minecraft:custom":{"minecraft:interact_with_furnace":6,"minecraft:mob_kills":49,"minecraft:interact_with_crafting_table":17,"minecraft:time_since_death":17374,"minecraft:sleep_in_bed":1,"minecraft:climb_one_cm":3796,"minecraft:time_since_rest":17405,"minecraft:sprint_one_cm":159593,"minecraft:damage_taken":5140,"minecraft:walk_one_cm":158322,"minecraft:damage_blocked_by_shield":1800,"minecraft:drop":35,"minecraft:damage_dealt":8617,"minecraft:swim_one_cm":70330,"minecraft:talked_to_villager":2,"minecraft:fly_one_cm":524002,"minecraft:open_chest":15,"minecraft:crouch_one_cm":9923,"minecraft:play_time":161307,"minecraft:deaths":7,"minecraft:sneak_time":7622,"minecraft:walk_under_water_one_cm":47595,"minecraft:boat_one_cm":218715,"minecraft:jump":1692,"minecraft:walk_on_water_one_cm":25727,"minecraft:total_world_time":161307,"minecraft:inspect_dispenser":3,"minecraft:fall_one_cm":51910},"minecraft:mined":{"megamons:anistarite_rough_geode_block":1,"minecraft:tuff":8,"megamons:anistarite_geode_block":4,"minecraft:mossy_cobblestone":2,"minecraft:jungle_leaves":6,"cobblemon:big_root":3,"megamons:crystal_shiny_stone_ore":1,"minecraft:crafting_table":8,"minecraft:grass_block":8,"minecraft:jungle_log":34,"minecraft:tall_grass":1,"minecraft:copper_ore":1,"biomesoplenty:sprout":4,"minecraft:frosted_ice":1,"minecraft:raw_iron_block":3,"minecraft:furnace":2,"minecraft:iron_ore":24,"minecraft:andesite":9,"cobblemon:deepslate_thunder_stone_ore":2,"minecraft:deepslate_iron_ore":67,"cobblemon:persim_berry":1,"minecraft:grass":19,"megamons:crystal_dawn_stone_ore":1,"megamons:crystal_sun_stone_ore":1,"minecraft:coal_ore":41,"minecraft:vine":2,"minecraft:flowering_azalea_leaves":1,"minecraft:gravel":20,"minecraft:sand":1,"minecraft:dirt":71,"minecraft:stone":95,"minecraft:gold_ore":3,"minecraft:deepslate":16,"minecraft:tripwire":1,"minecraft:fern":9},"minecraft:killed_by":{"alexsmobs:centipede_head":2,"minecraft:skeleton":1,"alexsmobs:leafcutter_ant":1,"minecraft:drowned":2},"minecraft:dropped":{"minecraft:wheat_seeds":1,"minecraft:cooked_beef":27,"morearmor:power_ore":1,"minecraft:mossy_cobblestone":2,"minecraft:rotten_flesh":2,"alexsmobs:ancient_dart":1,"travelersbackpack:standard":1,"minecraft:spider_eye":1},"minecraft:killed":{"alexsmobs:lobster":2,"minecraft:pig":3,"minecraft:witch":1,"cobblemon:pokemon":4,"minecraft:zombie_villager":1,"minecraft:spider":4,"minecraft:sheep":2,"minecraft:skeleton":8,"alexsmobs:cockroach":1,"minecraft:zombie":20,"alexsmobs:leafcutter_ant":2,"alexsmobs:centipede_head":1},"minecraft:crafted":{"minecraft:raw_iron":27,"minecraft:stone_shovel":1,"morearmor:cobblestone_armor_helmet":1,"minecraft:crafting_table":1,"minecraft:jungle_boat":1,"travelersbackpack:standard":1,"minecraft:wooden_pickaxe":1,"minecraft:furnace":1,"minecraft:bucket":1,"minecraft:stone_axe":2,"minecraft:air":0,"minecraft:jungle_planks":136,"morearmor:cobblestone_armor_boots":1,"morearmor:cobblestone_armor_chestplate":1,"minecraft:shield":1,"morearmor:cobblestone_armor_leggings":1,"minecraft:stick":12,"minecraft:iron_pickaxe":1,"minecraft:iron_ingot":12,"minecraft:stone_pickaxe":1,"minecraft:chest":1},"minecraft:used":{"minecraft:water_bucket":4,"minecraft:stone_pickaxe":132,"minecraft:stone_shovel":69,"minecraft:wooden_pickaxe":58,"minecraft:shield":52,"minecraft:jungle_boat":1,"minecraft:torch":36,"minecraft:dirt":90,"minecraft:crafting_table":8,"cobblemon:healing_machine":1,"minecraft:obsidian":6,"minecraft:iron_pickaxe":116,"minecraft:stone_axe":143,"travelersbackpack:standard":4,"minecraft:furnace":2,"minecraft:andesite":8,"minecraft:bucket":5,"minecraft:cooked_beef":39}},"DataVersion":3465}