{"stats":{"minecraft:picked_up":{"minecraft:crafting_table":5,"cobblemon:ultra_ball":1,"minecraft:air":0,"minecraft:cooked_beef":27,"minecraft:magma_cream":1,"minecraft:chicken":1,"minecraft:jungle_log":34,"minecraft:dirt":60,"minecraft:string":4,"minecraft:raw_copper":2,"minecraft:bone":3,"minecraft:wheat_seeds":2,"alexsmobs:banana":1,"cobblemon:oran_berry":3,"minecraft:jungle_sapling":1,"minecraft:furnace":1,"minecraft:stick":3,"minecraft:raw_iron":4,"cobblemon:pecha_berry":1,"minecraft:porkchop":4,"minecraft:jungle_planks":1,"cobblemon:persim_berry":6,"minecraft:mossy_cobblestone":2,"minecraft:arrow":2,"minecraft:rotten_flesh":4,"minecraft:mutton":3,"minecraft:coal":12,"minecraft:white_wool":2,"minecraft:cobblestone":66},"minecraft:broken":{"morearmor:cobblestone_armor_chestplate":1,"morearmor:cobblestone_armor_leggings":1,"morearmor:cobblestone_armor_boots":1,"morearmor:cobblestone_armor_helmet":1},"minecraft:custom":{"minecraft:interact_with_furnace":3,"minecraft:mob_kills":26,"minecraft:interact_with_crafting_table":13,"minecraft:time_since_death":2348,"minecraft:climb_one_cm":3523,"minecraft:time_since_rest":2391,"minecraft:sprint_one_cm":95510,"minecraft:damage_taken":2818,"minecraft:walk_one_cm":73443,"minecraft:damage_blocked_by_shield":980,"minecraft:drop":30,"minecraft:damage_dealt":4965,"minecraft:swim_one_cm":43751,"minecraft:talked_to_villager":1,"minecraft:fly_one_cm":265156,"minecraft:open_chest":8,"minecraft:crouch_one_cm":5929,"minecraft:play_time":89307,"minecraft:deaths":4,"minecraft:sneak_time":4703,"minecraft:walk_under_water_one_cm":23444,"minecraft:boat_one_cm":218715,"minecraft:jump":988,"minecraft:walk_on_water_one_cm":12326,"minecraft:total_world_time":89307,"minecraft:inspect_dispenser":3,"minecraft:fall_one_cm":32771},"minecraft:mined":{"minecraft:mossy_cobblestone":2,"minecraft:jungle_leaves":6,"minecraft:crafting_table":5,"minecraft:grass_block":6,"minecraft:jungle_log":34,"minecraft:copper_ore":1,"biomesoplenty:sprout":4,"minecraft:furnace":1,"minecraft:iron_ore":4,"cobblemon:persim_berry":1,"minecraft:grass":19,"minecraft:coal_ore":12,"minecraft:vine":2,"minecraft:flowering_azalea_leaves":1,"minecraft:sand":1,"minecraft:dirt":35,"minecraft:stone":67,"minecraft:tripwire":1,"minecraft:fern":6},"minecraft:killed_by":{"minecraft:skeleton":1,"alexsmobs:leafcutter_ant":1,"minecraft:drowned":2},"minecraft:dropped":{"minecraft:wheat_seeds":1,"minecraft:cooked_beef":27,"minecraft:mossy_cobblestone":2,"alexsmobs:ancient_dart":1},"minecraft:killed":{"minecraft:pig":3,"cobblemon:pokemon":4,"minecraft:zombie_villager":1,"minecraft:spider":2,"minecraft:sheep":2,"minecraft:skeleton":3,"minecraft:zombie":9,"alexsmobs:leafcutter_ant":2},"minecraft:crafted":{"minecraft:stone_shovel":1,"morearmor:cobblestone_armor_helmet":1,"minecraft:crafting_table":1,"minecraft:jungle_boat":1,"minecraft:wooden_pickaxe":1,"minecraft:furnace":1,"minecraft:bucket":1,"minecraft:stone_axe":1,"minecraft:air":0,"minecraft:jungle_planks":136,"morearmor:cobblestone_armor_boots":1,"morearmor:cobblestone_armor_chestplate":1,"minecraft:shield":1,"morearmor:cobblestone_armor_leggings":1,"minecraft:stick":12,"minecraft:iron_ingot":4,"minecraft:stone_pickaxe":1},"minecraft:used":{"minecraft:water_bucket":1,"minecraft:stone_pickaxe":50,"minecraft:stone_shovel":15,"minecraft:wooden_pickaxe":58,"minecraft:shield":23,"minecraft:jungle_boat":1,"minecraft:dirt":6,"minecraft:crafting_table":5,"minecraft:obsidian":6,"minecraft:stone_axe":83,"minecraft:furnace":1,"minecraft:bucket":2,"minecraft:cooked_beef":22}},"DataVersion":3465}