{"stats":{"minecraft:picked_up":{"minecraft:raw_iron":4,"minecraft:stick":2,"minecraft:crafting_table":4,"minecraft:jungle_log":34,"minecraft:jungle_planks":1,"minecraft:dirt":60,"minecraft:raw_copper":2,"minecraft:bone":3,"minecraft:arrow":2,"minecraft:rotten_flesh":4,"minecraft:wheat_seeds":1,"alexsmobs:banana":1,"minecraft:jungle_sapling":1,"minecraft:coal":12,"minecraft:cobblestone":66,"minecraft:furnace":1},"minecraft:custom":{"minecraft:time_since_rest":1712,"minecraft:interact_with_furnace":3,"minecraft:sprint_one_cm":32907,"minecraft:damage_taken":1057,"minecraft:walk_one_cm":36083,"minecraft:damage_blocked_by_shield":330,"minecraft:mob_kills":10,"minecraft:damage_dealt":2391,"minecraft:interact_with_crafting_table":12,"minecraft:fly_one_cm":129462,"minecraft:open_chest":2,"minecraft:crouch_one_cm":5151,"minecraft:deaths":1,"minecraft:play_time":53307,"minecraft:sneak_time":4437,"minecraft:walk_under_water_one_cm":9894,"minecraft:jump":365,"minecraft:walk_on_water_one_cm":6569,"minecraft:time_since_death":1675,"minecraft:climb_one_cm":2019,"minecraft:total_world_time":53307,"minecraft:fall_one_cm":8755},"minecraft:mined":{"minecraft:furnace":1,"minecraft:iron_ore":4,"minecraft:jungle_leaves":6,"minecraft:crafting_table":4,"minecraft:grass":11,"minecraft:grass_block":6,"minecraft:coal_ore":12,"minecraft:jungle_log":34,"minecraft:dirt":35,"minecraft:copper_ore":1,"minecraft:stone":67,"minecraft:fern":2},"minecraft:killed_by":{"minecraft:skeleton":1},"minecraft:crafted":{"morearmor:cobblestone_armor_boots":1,"minecraft:stone_shovel":1,"morearmor:cobblestone_armor_chestplate":1,"minecraft:shield":1,"morearmor:cobblestone_armor_helmet":1,"minecraft:crafting_table":1,"morearmor:cobblestone_armor_leggings":1,"minecraft:stick":12,"minecraft:iron_ingot":4,"minecraft:wooden_pickaxe":1,"minecraft:stone_pickaxe":1,"minecraft:furnace":1,"minecraft:bucket":1,"minecraft:stone_axe":1,"minecraft:air":0,"minecraft:jungle_planks":136},"minecraft:killed":{"minecraft:skeleton":3,"minecraft:zombie":6,"minecraft:zombie_villager":1},"minecraft:used":{"minecraft:water_bucket":1,"minecraft:stone_shovel":14,"minecraft:stone_pickaxe":45,"minecraft:shield":9,"minecraft:wooden_pickaxe":58,"minecraft:stone_axe":40,"minecraft:dirt":5,"minecraft:crafting_table":4,"minecraft:furnace":1,"minecraft:bucket":2,"minecraft:cooked_beef":9,"minecraft:obsidian":6}},"DataVersion":3465}