{"stats":{"minecraft:picked_up":{"minecraft:dirt":6},"minecraft:custom":{"minecraft:jump":68,"minecraft:open_chest":2,"minecraft:time_since_rest":17307,"minecraft:crouch_one_cm":1122,"minecraft:walk_on_water_one_cm":6478,"minecraft:sprint_one_cm":5112,"minecraft:play_time":17307,"minecraft:damage_taken":100,"minecraft:time_since_death":17307,"minecraft:walk_one_cm":2502,"minecraft:sneak_time":432,"minecraft:climb_one_cm":820,"minecraft:total_world_time":17307,"minecraft:walk_under_water_one_cm":9807,"minecraft:fall_one_cm":2429,"minecraft:fly_one_cm":82925},"minecraft:mined":{"minecraft:grass_block":2,"minecraft:dirt":4},"minecraft:used":{"minecraft:dirt":4,"minecraft:obsidian":6}},"DataVersion":3465}