{"stats":{"minecraft:picked_up":{"minecraft:crafting_table":4,"minecraft:air":0,"minecraft:cooked_beef":27,"minecraft:chicken":1,"minecraft:jungle_log":34,"minecraft:dirt":60,"minecraft:string":1,"minecraft:raw_copper":2,"minecraft:bone":3,"minecraft:wheat_seeds":1,"alexsmobs:banana":1,"minecraft:jungle_sapling":1,"minecraft:furnace":1,"minecraft:stick":3,"minecraft:raw_iron":4,"cobblemon:pecha_berry":1,"minecraft:porkchop":4,"minecraft:jungle_planks":1,"minecraft:arrow":2,"minecraft:rotten_flesh":4,"minecraft:mutton":3,"minecraft:coal":12,"minecraft:white_wool":2,"minecraft:cobblestone":66},"minecraft:custom":{"minecraft:interact_with_furnace":3,"minecraft:mob_kills":18,"minecraft:interact_with_crafting_table":12,"minecraft:time_since_death":13675,"minecraft:climb_one_cm":2149,"minecraft:time_since_rest":13712,"minecraft:sprint_one_cm":52711,"minecraft:damage_taken":1163,"minecraft:walk_one_cm":51187,"minecraft:damage_blocked_by_shield":410,"minecraft:drop":27,"minecraft:damage_dealt":3301,"minecraft:talked_to_villager":1,"minecraft:fly_one_cm":163703,"minecraft:open_chest":2,"minecraft:crouch_one_cm":5151,"minecraft:play_time":65307,"minecraft:deaths":1,"minecraft:sneak_time":4453,"minecraft:walk_under_water_one_cm":9894,"minecraft:jump":530,"minecraft:walk_on_water_one_cm":6569,"minecraft:total_world_time":65307,"minecraft:fall_one_cm":14762},"minecraft:mined":{"minecraft:jungle_leaves":6,"minecraft:crafting_table":4,"minecraft:grass_block":6,"minecraft:jungle_log":34,"minecraft:copper_ore":1,"minecraft:furnace":1,"minecraft:iron_ore":4,"minecraft:grass":17,"minecraft:coal_ore":12,"minecraft:flowering_azalea_leaves":1,"minecraft:dirt":35,"minecraft:stone":67,"minecraft:fern":3},"minecraft:killed_by":{"minecraft:skeleton":1},"minecraft:dropped":{"minecraft:cooked_beef":27},"minecraft:killed":{"minecraft:pig":3,"cobblemon:pokemon":2,"minecraft:zombie_villager":1,"minecraft:spider":1,"minecraft:sheep":2,"minecraft:skeleton":3,"minecraft:zombie":6},"minecraft:crafted":{"minecraft:stone_shovel":1,"morearmor:cobblestone_armor_helmet":1,"minecraft:crafting_table":1,"minecraft:wooden_pickaxe":1,"minecraft:furnace":1,"minecraft:bucket":1,"minecraft:stone_axe":1,"minecraft:air":0,"minecraft:jungle_planks":136,"morearmor:cobblestone_armor_boots":1,"morearmor:cobblestone_armor_chestplate":1,"minecraft:shield":1,"morearmor:cobblestone_armor_leggings":1,"minecraft:stick":12,"minecraft:iron_ingot":4,"minecraft:stone_pickaxe":1},"minecraft:used":{"minecraft:water_bucket":1,"minecraft:stone_pickaxe":45,"minecraft:stone_shovel":14,"minecraft:wooden_pickaxe":58,"minecraft:shield":13,"minecraft:dirt":5,"minecraft:crafting_table":4,"minecraft:obsidian":6,"minecraft:stone_axe":53,"minecraft:furnace":1,"minecraft:bucket":2,"minecraft:cooked_beef":11}},"DataVersion":3465}