{"stats":{"minecraft:used":{"minecraft:stone_shovel":134,"minecraft:chest":3,"minecraft:shield":61,"minecraft:iron_chestplate":1,"minecraft:torch":39,"minecraft:dirt":119,"minecraft:tuff":1,"minecraft:obsidian":6,"minecraft:iron_axe":234,"minecraft:birch_sapling":13,"minecraft:iron_helmet":1,"minecraft:iron_boots":1,"minecraft:magma_block":3,"minecraft:oak_sapling":53,"minecraft:furnace":6,"minecraft:cooked_beef":63,"minecraft:cobbled_deepslate":3,"minecraft:iron_leggings":1,"minecraft:water_bucket":10,"minecraft:stone_pickaxe":132,"minecraft:wooden_pickaxe":58,"minecraft:diamond_axe":165,"minecraft:fletching_table":3,"minecraft:sugar_cane":9,"minecraft:jungle_boat":1,"minecraft:crafting_table":11,"cobblemon:healing_machine":1,"minecraft:oak_log":3,"minecraft:bread":7,"minecraft:iron_pickaxe":486,"minecraft:gravel":31,"minecraft:stone_axe":317,"travelersbackpack:standard":7,"minecraft:smithing_table":1,"minecraft:andesite":8,"minecraft:bucket":11},"minecraft:mined":{"minecraft:tuff":55,"minecraft:oak_sapling":1,"minecraft:mossy_cobblestone":2,"minecraft:deepslate_diamond_ore":36,"minecraft:jungle_leaves":6,"cobblemon:big_root":3,"cobblemon:deepslate_water_stone_ore":1,"megamons:crystal_shiny_stone_ore":1,"minecraft:grass_block":18,"minecraft:jungle_log":34,"minecraft:frosted_ice":1,"minecraft:hay_block":12,"minecraft:magma_block":5,"minecraft:raw_iron_block":3,"minecraft:furnace":4,"minecraft:iron_ore":24,"minecraft:andesite":9,"minecraft:fletching_table":1,"minecraft:deepslate_lapis_ore":9,"cobblemon:medicinal_leek":1,"minecraft:dirt_path":2,"minecraft:deepslate_iron_ore":189,"minecraft:flowering_azalea_leaves":1,"minecraft:vine":2,"minecraft:oak_stairs":1,"minecraft:stone":97,"minecraft:tripwire":1,"megamons:anistarite_rough_geode_block":1,"megamons:anistarite_geode_block":4,"travelersbackpack:standard":1,"minecraft:crafting_table":10,"minecraft:tall_grass":2,"minecraft:copper_ore":1,"biomesoplenty:sprout":4,"minecraft:deepslate_gold_ore":15,"minecraft:sugar_cane":7,"minecraft:wall_torch":2,"minecraft:birch_sapling":1,"minecraft:birch_log":90,"minecraft:birch_leaves":3,"cobblemon:deepslate_thunder_stone_ore":2,"cobblemon:persim_berry":1,"minecraft:grass":38,"megamons:crystal_dawn_stone_ore":1,"minecraft:oak_log":345,"minecraft:coal_ore":41,"megamons:crystal_sun_stone_ore":1,"minecraft:gravel":64,"minecraft:sand":1,"minecraft:dirt":82,"minecraft:gold_ore":3,"minecraft:oak_leaves":37,"minecraft:deepslate":144,"minecraft:fern":9},"minecraft:picked_up":{"minecraft:crafting_table":10,"minecraft:chicken":1,"minecraft:oak_stairs":1,"minecraft:string":14,"minecraft:raw_copper":2,"alexsmobs:banana":1,"minecraft:cobbled_deepslate":144,"cobblemon:oran_berry":33,"alexsmobs:raccoon_tail":2,"minecraft:jungle_sapling":1,"cobblemon:big_root":3,"minecraft:sugar_cane":9,"minecraft:birch_sapling":13,"minecraft:furnace":4,"minecraft:stick":42,"minecraft:raw_iron":249,"minecraft:torch":1,"minecraft:porkchop":6,"alexsmobs:centipede_leg":2,"minecraft:rotten_flesh":29,"cobblemon:dawn_stone":1,"minecraft:arrow":12,"minecraft:hay_block":12,"minecraft:mutton":3,"alexsmobs:lobster_tail":1,"minecraft:white_wool":2,"minecraft:cobblestone":96,"minecraft:birch_log":90,"minecraft:magma_block":4,"minecraft:air":0,"minecraft:cooked_beef":27,"cobblemon:ultra_ball":1,"minecraft:magma_cream":1,"minecraft:andesite":9,"minecraft:jungle_log":34,"minecraft:flint":6,"minecraft:tuff":54,"minecraft:oak_log":345,"minecraft:dirt":119,"megamons:anistarite_geode_block":4,"minecraft:lapis_lazuli":55,"minecraft:bone":13,"minecraft:apple":4,"minecraft:bow":3,"minecraft:wheat_seeds":5,"alexsmobs:cockroach_wing_fragment":1,"minecraft:raw_gold":18,"minecraft:iron_ingot":11,"cobblemon:thunder_stone":2,"minecraft:fletching_table":1,"minecraft:glowstone_dust":1,"cobblemon:sun_stone":1,"minecraft:raw_iron_block":3,"cobblemon:shiny_stone":1,"minecraft:gravel":57,"cobblemon:pecha_berry":22,"minecraft:jungle_planks":1,"cobblemon:persim_berry":9,"cobblemon:pink_apricorn":6,"minecraft:spider_eye":5,"minecraft:mossy_cobblestone":2,"megamons:anistarite_rough_geode_block":1,"travelersbackpack:standard":2,"minecraft:diamond":36,"minecraft:stone_axe":1,"cobblemon:medicinal_leek":3,"minecraft:oak_sapling":55,"cobblemon:water_stone":1,"minecraft:coal":64},"minecraft:dropped":{"minecraft:bread":3,"minecraft:wheat_seeds":2,"minecraft:cooked_beef":27,"minecraft:mossy_cobblestone":2,"morearmor:power_ore":1,"travelersbackpack:standard":2,"cobblemon:oran_berry":2,"minecraft:stone_axe":1,"minecraft:rotten_flesh":2,"alexsmobs:ancient_dart":1,"minecraft:oak_sapling":2,"minecraft:spider_eye":1},"minecraft:crafted":{"minecraft:oak_planks":1368,"minecraft:raw_iron":27,"minecraft:stone_shovel":1,"minecraft:furnace":2,"morearmor:cobblestone_armor_boots":1,"morearmor:cobblestone_armor_chestplate":1,"minecraft:bow":2,"minecraft:iron_boots":1,"minecraft:iron_axe":1,"morearmor:cobblestone_armor_leggings":1,"minecraft:stone_pickaxe":1,"minecraft:chest":4,"minecraft:wheat":108,"minecraft:arrow":16,"minecraft:emerald":91,"minecraft:diamond_axe":1,"morearmor:cobblestone_armor_helmet":1,"minecraft:crafting_table":1,"minecraft:jungle_boat":1,"minecraft:wooden_pickaxe":1,"minecraft:iron_helmet":1,"travelersbackpack:standard":1,"minecraft:smithing_table":1,"minecraft:fletching_table":3,"minecraft:bucket":1,"minecraft:birch_planks":360,"minecraft:stone_axe":26,"minecraft:bread":36,"minecraft:air":0,"minecraft:jungle_planks":136,"minecraft:iron_chestplate":1,"minecraft:shield":1,"minecraft:stick":3130,"minecraft:iron_ingot":170,"minecraft:iron_pickaxe":3,"minecraft:iron_leggings":1},"minecraft:broken":{"morearmor:cobblestone_armor_leggings":1,"morearmor:cobblestone_armor_boots":1,"morearmor:cobblestone_armor_helmet":1,"minecraft:stone_pickaxe":1,"morearmor:cobblestone_armor_chestplate":1,"minecraft:iron_axe":1,"minecraft:stone_axe":3,"minecraft:iron_pickaxe":1,"minecraft:stone_shovel":1},"minecraft:killed":{"minecraft:cave_spider":3,"alexsmobs:lobster":2,"minecraft:witch":1,"alexsmobs:raccoon":5,"minecraft:spider":7,"alexsmobs:seagull":1,"minecraft:skeleton":13,"alexsmobs:leafcutter_ant":2,"minecraft:drowned":1,"alexsmobs:centipede_head":1,"minecraft:pig":3,"cobblemon:pokemon":6,"minecraft:zombie_villager":1,"minecraft:iron_golem":2,"minecraft:creeper":1,"minecraft:sheep":2,"minecraft:zombie":28,"alexsmobs:cockroach":1},"minecraft:killed_by":{"alexsmobs:leafcutter_ant":1,"minecraft:drowned":2,"alexsmobs:centipede_head":2,"minecraft:skeleton":1},"minecraft:custom":{"minecraft:mob_kills":81,"minecraft:interact_with_crafting_table":42,"minecraft:leave_game":2,"minecraft:time_since_death":131170,"minecraft:climb_one_cm":3796,"minecraft:sprint_one_cm":434592,"minecraft:walk_one_cm":406955,"minecraft:damage_blocked_by_shield":2090,"minecraft:drop":45,"minecraft:talked_to_villager":33,"minecraft:play_time":275103,"minecraft:deaths":7,"minecraft:sneak_time":10313,"minecraft:walk_under_water_one_cm":75345,"minecraft:boat_one_cm":218715,"minecraft:jump":3291,"minecraft:walk_on_water_one_cm":31316,"minecraft:total_world_time":275103,"minecraft:interact_with_furnace":46,"minecraft:traded_with_villager":118,"minecraft:sleep_in_bed":6,"minecraft:time_since_rest":11245,"minecraft:damage_taken":7092,"minecraft:damage_dealt":15003,"minecraft:swim_one_cm":110164,"minecraft:fly_one_cm":821948,"minecraft:open_chest":38,"minecraft:crouch_one_cm":12385,"minecraft:fall_one_cm":92725,"minecraft:inspect_dispenser":3}},"DataVersion":3465}