{"stats":{"minecraft:custom":{"minecraft:jump":60,"minecraft:open_chest":1,"minecraft:time_since_rest":5307,"minecraft:crouch_one_cm":1120,"minecraft:walk_on_water_one_cm":6294,"minecraft:sprint_one_cm":5022,"minecraft:play_time":5307,"minecraft:damage_taken":100,"minecraft:time_since_death":5307,"minecraft:walk_one_cm":1506,"minecraft:sneak_time":421,"minecraft:climb_one_cm":820,"minecraft:total_world_time":5307,"minecraft:walk_under_water_one_cm":2517,"minecraft:fall_one_cm":2429,"minecraft:fly_one_cm":71554}},"DataVersion":3465}