{"stats":{"minecraft:picked_up":{"minecraft:crafting_table":7,"cobblemon:ultra_ball":1,"minecraft:air":0,"minecraft:cooked_beef":27,"minecraft:magma_cream":1,"minecraft:chicken":1,"minecraft:andesite":9,"minecraft:jungle_log":34,"megamons:anistarite_geode_block":4,"minecraft:dirt":81,"minecraft:string":6,"minecraft:raw_copper":2,"minecraft:bone":7,"minecraft:wheat_seeds":2,"alexsmobs:banana":1,"alexsmobs:cockroach_wing_fragment":1,"cobblemon:oran_berry":3,"minecraft:jungle_sapling":1,"cobblemon:big_root":3,"minecraft:furnace":2,"minecraft:stick":3,"minecraft:raw_iron":20,"cobblemon:pecha_berry":1,"minecraft:porkchop":4,"minecraft:jungle_planks":1,"cobblemon:persim_berry":6,"minecraft:spider_eye":2,"minecraft:mossy_cobblestone":2,"megamons:anistarite_rough_geode_block":1,"minecraft:arrow":6,"minecraft:rotten_flesh":6,"alexsmobs:lobster_tail":1,"minecraft:mutton":3,"minecraft:coal":40,"minecraft:white_wool":2,"minecraft:cobblestone":94},"minecraft:broken":{"morearmor:cobblestone_armor_chestplate":1,"morearmor:cobblestone_armor_leggings":1,"minecraft:stone_axe":1,"morearmor:cobblestone_armor_boots":1,"morearmor:cobblestone_armor_helmet":1},"minecraft:custom":{"minecraft:interact_with_furnace":6,"minecraft:mob_kills":35,"minecraft:interact_with_crafting_table":15,"minecraft:time_since_death":33567,"minecraft:sleep_in_bed":1,"minecraft:climb_one_cm":3796,"minecraft:time_since_rest":14212,"minecraft:sprint_one_cm":142478,"minecraft:damage_taken":3643,"minecraft:walk_one_cm":118932,"minecraft:damage_blocked_by_shield":1140,"minecraft:drop":34,"minecraft:damage_dealt":5837,"minecraft:swim_one_cm":70330,"minecraft:talked_to_villager":2,"minecraft:fly_one_cm":477428,"minecraft:open_chest":15,"minecraft:crouch_one_cm":8161,"minecraft:play_time":137307,"minecraft:deaths":5,"minecraft:sneak_time":6393,"minecraft:walk_under_water_one_cm":46341,"minecraft:boat_one_cm":218715,"minecraft:jump":1489,"minecraft:walk_on_water_one_cm":22877,"minecraft:total_world_time":137307,"minecraft:inspect_dispenser":3,"minecraft:fall_one_cm":48079},"minecraft:mined":{"megamons:anistarite_rough_geode_block":1,"megamons:anistarite_geode_block":4,"minecraft:mossy_cobblestone":2,"minecraft:jungle_leaves":6,"cobblemon:big_root":3,"minecraft:crafting_table":7,"minecraft:grass_block":8,"minecraft:jungle_log":34,"minecraft:tall_grass":1,"minecraft:copper_ore":1,"biomesoplenty:sprout":4,"minecraft:frosted_ice":1,"minecraft:furnace":2,"minecraft:iron_ore":16,"minecraft:andesite":9,"cobblemon:persim_berry":1,"minecraft:grass":19,"minecraft:coal_ore":40,"minecraft:vine":2,"minecraft:flowering_azalea_leaves":1,"minecraft:sand":1,"minecraft:dirt":54,"minecraft:stone":95,"minecraft:tripwire":1,"minecraft:fern":9},"minecraft:killed_by":{"minecraft:skeleton":1,"alexsmobs:leafcutter_ant":1,"minecraft:drowned":2},"minecraft:dropped":{"minecraft:wheat_seeds":1,"minecraft:cooked_beef":27,"minecraft:mossy_cobblestone":2,"minecraft:rotten_flesh":2,"alexsmobs:ancient_dart":1,"travelersbackpack:standard":1,"minecraft:spider_eye":1},"minecraft:crafted":{"minecraft:stone_shovel":1,"morearmor:cobblestone_armor_helmet":1,"minecraft:crafting_table":1,"minecraft:jungle_boat":1,"minecraft:wooden_pickaxe":1,"minecraft:furnace":1,"minecraft:bucket":1,"minecraft:stone_axe":2,"minecraft:air":0,"minecraft:jungle_planks":136,"morearmor:cobblestone_armor_boots":1,"morearmor:cobblestone_armor_chestplate":1,"minecraft:shield":1,"morearmor:cobblestone_armor_leggings":1,"minecraft:stick":12,"minecraft:iron_pickaxe":1,"minecraft:iron_ingot":12,"minecraft:stone_pickaxe":1},"minecraft:killed":{"alexsmobs:lobster":2,"minecraft:pig":3,"cobblemon:pokemon":4,"minecraft:zombie_villager":1,"minecraft:spider":4,"minecraft:sheep":2,"minecraft:skeleton":6,"alexsmobs:cockroach":1,"minecraft:zombie":10,"alexsmobs:leafcutter_ant":2},"minecraft:used":{"minecraft:water_bucket":2,"minecraft:stone_pickaxe":130,"minecraft:stone_shovel":33,"minecraft:wooden_pickaxe":58,"minecraft:shield":27,"minecraft:jungle_boat":1,"minecraft:dirt":62,"minecraft:crafting_table":7,"cobblemon:healing_machine":1,"minecraft:obsidian":6,"minecraft:iron_pickaxe":5,"minecraft:stone_axe":105,"travelersbackpack:standard":3,"minecraft:furnace":2,"minecraft:andesite":8,"minecraft:bucket":3,"minecraft:cooked_beef":31}},"DataVersion":3465}