{"stats":{"minecraft:picked_up":{"minecraft:stick":2,"minecraft:jungle_log":30,"alexsmobs:banana":1,"minecraft:jungle_sapling":1,"minecraft:dirt":6},"minecraft:custom":{"minecraft:time_since_rest":29307,"minecraft:open_chest":2,"minecraft:crouch_one_cm":3509,"minecraft:play_time":29307,"minecraft:sprint_one_cm":5916,"minecraft:damage_taken":100,"minecraft:walk_one_cm":6205,"minecraft:sneak_time":2794,"minecraft:walk_under_water_one_cm":9807,"minecraft:jump":84,"minecraft:time_since_death":29307,"minecraft:walk_on_water_one_cm":6478,"minecraft:total_world_time":29307,"minecraft:climb_one_cm":1535,"minecraft:fall_one_cm":2907,"minecraft:fly_one_cm":89702},"minecraft:mined":{"minecraft:grass_block":2,"minecraft:jungle_log":30,"minecraft:dirt":4,"minecraft:jungle_leaves":6},"minecraft:used":{"minecraft:dirt":4,"minecraft:cooked_beef":1,"minecraft:obsidian":6}},"DataVersion":3465}