{"stats":{"minecraft:picked_up":{"minecraft:raw_iron":2,"minecraft:stick":2,"minecraft:crafting_table":2,"minecraft:jungle_log":34,"minecraft:dirt":54,"minecraft:raw_copper":2,"alexsmobs:banana":1,"minecraft:jungle_sapling":1,"minecraft:coal":12,"minecraft:cobblestone":66},"minecraft:custom":{"minecraft:time_since_rest":41307,"minecraft:sprint_one_cm":13836,"minecraft:damage_taken":290,"minecraft:walk_one_cm":17438,"minecraft:damage_dealt":31,"minecraft:interact_with_crafting_table":6,"minecraft:fly_one_cm":99634,"minecraft:open_chest":2,"minecraft:crouch_one_cm":5151,"minecraft:play_time":41307,"minecraft:sneak_time":4368,"minecraft:walk_under_water_one_cm":9807,"minecraft:jump":158,"minecraft:walk_on_water_one_cm":6478,"minecraft:time_since_death":41307,"minecraft:climb_one_cm":1777,"minecraft:total_world_time":41307,"minecraft:fall_one_cm":4345},"minecraft:mined":{"minecraft:iron_ore":2,"minecraft:jungle_leaves":6,"minecraft:crafting_table":2,"minecraft:grass":4,"minecraft:grass_block":4,"minecraft:coal_ore":12,"minecraft:jungle_log":34,"minecraft:dirt":32,"minecraft:copper_ore":1,"minecraft:stone":67,"minecraft:fern":1},"minecraft:crafted":{"morearmor:cobblestone_armor_boots":1,"minecraft:stone_shovel":1,"morearmor:cobblestone_armor_chestplate":1,"morearmor:cobblestone_armor_helmet":1,"minecraft:crafting_table":1,"morearmor:cobblestone_armor_leggings":1,"minecraft:stick":12,"minecraft:wooden_pickaxe":1,"minecraft:stone_pickaxe":1,"minecraft:stone_axe":1,"minecraft:jungle_planks":136},"minecraft:used":{"minecraft:stone_shovel":8,"minecraft:stone_pickaxe":42,"minecraft:wooden_pickaxe":58,"minecraft:stone_axe":4,"minecraft:dirt":4,"minecraft:crafting_table":2,"minecraft:cooked_beef":3,"minecraft:obsidian":6}},"DataVersion":3465}