{"stats":{"minecraft:used":{"minecraft:stone_shovel":85,"minecraft:chest":3,"minecraft:shield":61,"minecraft:iron_chestplate":1,"minecraft:torch":39,"minecraft:dirt":110,"minecraft:tuff":1,"minecraft:obsidian":6,"minecraft:iron_axe":147,"minecraft:birch_sapling":1,"minecraft:iron_helmet":1,"minecraft:iron_boots":1,"minecraft:magma_block":3,"minecraft:oak_sapling":16,"minecraft:furnace":6,"minecraft:cooked_beef":62,"minecraft:cobbled_deepslate":3,"minecraft:iron_leggings":1,"minecraft:water_bucket":10,"minecraft:stone_pickaxe":132,"minecraft:wooden_pickaxe":58,"minecraft:jungle_boat":1,"minecraft:crafting_table":11,"cobblemon:healing_machine":1,"minecraft:oak_log":3,"minecraft:iron_pickaxe":483,"minecraft:stone_axe":173,"travelersbackpack:standard":4,"minecraft:andesite":8,"minecraft:bucket":11},"minecraft:mined":{"minecraft:tuff":55,"minecraft:mossy_cobblestone":2,"minecraft:deepslate_diamond_ore":36,"minecraft:jungle_leaves":6,"cobblemon:big_root":3,"cobblemon:deepslate_water_stone_ore":1,"megamons:crystal_shiny_stone_ore":1,"minecraft:grass_block":8,"minecraft:jungle_log":34,"minecraft:frosted_ice":1,"minecraft:hay_block":1,"minecraft:magma_block":5,"minecraft:raw_iron_block":3,"minecraft:furnace":4,"minecraft:iron_ore":24,"minecraft:andesite":9,"minecraft:deepslate_lapis_ore":9,"minecraft:deepslate_iron_ore":189,"minecraft:flowering_azalea_leaves":1,"minecraft:vine":2,"minecraft:oak_stairs":1,"minecraft:stone":95,"minecraft:tripwire":1,"megamons:anistarite_rough_geode_block":1,"megamons:anistarite_geode_block":4,"minecraft:crafting_table":10,"minecraft:tall_grass":2,"minecraft:copper_ore":1,"biomesoplenty:sprout":4,"minecraft:deepslate_gold_ore":15,"minecraft:sugar_cane":2,"minecraft:wall_torch":2,"minecraft:birch_log":23,"cobblemon:deepslate_thunder_stone_ore":2,"cobblemon:persim_berry":1,"minecraft:grass":28,"megamons:crystal_dawn_stone_ore":1,"minecraft:oak_log":77,"minecraft:coal_ore":41,"megamons:crystal_sun_stone_ore":1,"minecraft:gravel":33,"minecraft:sand":1,"minecraft:dirt":74,"minecraft:gold_ore":3,"minecraft:oak_leaves":11,"minecraft:deepslate":144,"minecraft:fern":9},"minecraft:picked_up":{"minecraft:crafting_table":10,"minecraft:chicken":1,"minecraft:oak_stairs":1,"minecraft:string":14,"minecraft:raw_copper":2,"alexsmobs:banana":1,"minecraft:cobbled_deepslate":144,"cobblemon:oran_berry":3,"alexsmobs:raccoon_tail":1,"minecraft:jungle_sapling":1,"cobblemon:big_root":3,"minecraft:sugar_cane":3,"minecraft:birch_sapling":1,"minecraft:furnace":4,"minecraft:stick":8,"minecraft:raw_iron":249,"minecraft:torch":1,"minecraft:porkchop":6,"alexsmobs:centipede_leg":2,"minecraft:rotten_flesh":29,"cobblemon:dawn_stone":1,"minecraft:arrow":12,"minecraft:hay_block":1,"minecraft:mutton":3,"alexsmobs:lobster_tail":1,"minecraft:white_wool":2,"minecraft:cobblestone":94,"minecraft:birch_log":23,"minecraft:magma_block":4,"minecraft:air":0,"minecraft:cooked_beef":27,"cobblemon:ultra_ball":1,"minecraft:magma_cream":1,"minecraft:andesite":9,"minecraft:jungle_log":34,"minecraft:flint":1,"minecraft:tuff":54,"minecraft:oak_log":77,"minecraft:dirt":100,"megamons:anistarite_geode_block":4,"minecraft:lapis_lazuli":55,"minecraft:bone":13,"minecraft:bow":3,"minecraft:wheat_seeds":3,"alexsmobs:cockroach_wing_fragment":1,"minecraft:raw_gold":18,"minecraft:iron_ingot":1,"cobblemon:thunder_stone":2,"minecraft:glowstone_dust":1,"cobblemon:sun_stone":1,"minecraft:raw_iron_block":3,"cobblemon:shiny_stone":1,"minecraft:gravel":31,"cobblemon:pecha_berry":1,"minecraft:jungle_planks":1,"cobblemon:persim_berry":6,"minecraft:spider_eye":5,"minecraft:mossy_cobblestone":2,"megamons:anistarite_rough_geode_block":1,"minecraft:diamond":36,"minecraft:oak_sapling":16,"cobblemon:water_stone":1,"minecraft:coal":64},"minecraft:dropped":{"minecraft:bread":3,"minecraft:wheat_seeds":1,"minecraft:cooked_beef":27,"minecraft:mossy_cobblestone":2,"morearmor:power_ore":1,"travelersbackpack:standard":1,"minecraft:rotten_flesh":2,"alexsmobs:ancient_dart":1,"minecraft:spider_eye":1},"minecraft:crafted":{"minecraft:oak_planks":296,"minecraft:raw_iron":27,"minecraft:stone_shovel":1,"minecraft:furnace":2,"morearmor:cobblestone_armor_boots":1,"morearmor:cobblestone_armor_chestplate":1,"minecraft:bow":2,"minecraft:iron_boots":1,"minecraft:iron_axe":1,"morearmor:cobblestone_armor_leggings":1,"minecraft:stone_pickaxe":1,"minecraft:chest":4,"minecraft:wheat":9,"morearmor:cobblestone_armor_helmet":1,"minecraft:crafting_table":1,"minecraft:jungle_boat":1,"minecraft:wooden_pickaxe":1,"minecraft:iron_helmet":1,"travelersbackpack:standard":1,"minecraft:bucket":1,"minecraft:birch_planks":92,"minecraft:stone_axe":2,"minecraft:bread":3,"minecraft:air":0,"minecraft:jungle_planks":136,"minecraft:iron_chestplate":1,"minecraft:shield":1,"minecraft:stick":748,"minecraft:iron_ingot":152,"minecraft:iron_pickaxe":2,"minecraft:iron_leggings":1},"minecraft:broken":{"morearmor:cobblestone_armor_leggings":1,"morearmor:cobblestone_armor_boots":1,"morearmor:cobblestone_armor_helmet":1,"minecraft:stone_pickaxe":1,"morearmor:cobblestone_armor_chestplate":1,"minecraft:stone_axe":2,"minecraft:iron_pickaxe":1},"minecraft:killed":{"minecraft:cave_spider":3,"alexsmobs:lobster":2,"minecraft:witch":1,"alexsmobs:raccoon":3,"minecraft:spider":7,"alexsmobs:seagull":1,"minecraft:skeleton":13,"alexsmobs:leafcutter_ant":2,"minecraft:drowned":1,"alexsmobs:centipede_head":1,"minecraft:pig":3,"cobblemon:pokemon":4,"minecraft:zombie_villager":1,"minecraft:creeper":1,"minecraft:sheep":2,"minecraft:zombie":28,"alexsmobs:cockroach":1},"minecraft:killed_by":{"alexsmobs:leafcutter_ant":1,"minecraft:drowned":2,"alexsmobs:centipede_head":2,"minecraft:skeleton":1},"minecraft:custom":{"minecraft:mob_kills":75,"minecraft:interact_with_crafting_table":33,"minecraft:leave_game":2,"minecraft:time_since_death":83170,"minecraft:climb_one_cm":3796,"minecraft:sprint_one_cm":308804,"minecraft:walk_one_cm":289773,"minecraft:damage_blocked_by_shield":2090,"minecraft:drop":38,"minecraft:talked_to_villager":2,"minecraft:play_time":227103,"minecraft:deaths":7,"minecraft:sneak_time":10114,"minecraft:walk_under_water_one_cm":75345,"minecraft:boat_one_cm":218715,"minecraft:jump":2578,"minecraft:walk_on_water_one_cm":31289,"minecraft:total_world_time":227103,"minecraft:interact_with_furnace":44,"minecraft:sleep_in_bed":3,"minecraft:time_since_rest":1355,"minecraft:damage_taken":6952,"minecraft:damage_dealt":12683,"minecraft:swim_one_cm":110164,"minecraft:fly_one_cm":663523,"minecraft:open_chest":29,"minecraft:crouch_one_cm":12017,"minecraft:fall_one_cm":76210,"minecraft:inspect_dispenser":3}},"DataVersion":3465}